base_items,add_items,support,confidence,lift
The Art of War,The Alchemist,0.08446485623003194,0.5602649006622517,2.8896051725196252
The Alchemist,The Art of War,0.08446485623003194,0.4356333676622039,2.8896051725196252
Think and Grow Rich,The Alchemist,0.06230031948881789,0.5652173913043478,2.9151479872833925
The Alchemist,Think and Grow Rich,0.06230031948881789,0.3213182286302781,2.9151479872833925
The Alchemist,The 7 Habits of Highly Effective People,0.0555111821086262,0.286302780638517,2.8224494595230176
The 7 Habits of Highly Effective People,The Alchemist,0.0555111821086262,0.547244094488189,2.8224494595230176
Harry Potter and the Sorcerer's Stone (Book 1),Harry Potter and the Chamber of Secrets (Book 2),0.05491214057507987,0.44861337683523655,6.138403801067936
Harry Potter and the Chamber of Secrets (Book 2),Harry Potter and the Sorcerer's Stone (Book 1),0.05491214057507987,0.7513661202185792,6.138403801067936
The Alchemist,Harry Potter and the Sorcerer's Stone (Book 1),0.05411341853035144,0.27909371781668385,2.2801000633376063
Harry Potter and the Sorcerer's Stone (Book 1),The Alchemist,0.05411341853035144,0.44208809135399674,2.2801000633376063
Harry Potter and the Sorcerer's Stone (Book 1),Harry Potter and the Prisoner of Azkaban (Book 3),0.048722044728434506,0.39804241435562804,5.897622518026584
Harry Potter and the Prisoner of Azkaban (Book 3),Harry Potter and the Sorcerer's Stone (Book 1),0.048722044728434506,0.7218934911242604,5.897622518026584
The Republic,The Alchemist,0.04313099041533546,0.4897959183673469,2.526156497614494
The Alchemist,The Republic,0.04313099041533546,0.22245108135942326,2.526156497614494
Think and Grow Rich,The 7 Habits of Highly Effective People,0.042531948881789135,0.3858695652173913,3.804005477576172
The 7 Habits of Highly Effective People,Think and Grow Rich,0.042531948881789135,0.41929133858267714,3.804005477576172
The Republic,The Art of War,0.04233226837060703,0.48072562358276644,3.1887071826523106
The Art of War,The Republic,0.04233226837060703,0.280794701986755,3.1887071826523106
Harry Potter and the Prisoner of Azkaban (Book 3),Harry Potter and the Chamber of Secrets (Book 2),0.041733226837060704,0.6183431952662722,8.46082710899861
Harry Potter and the Chamber of Secrets (Book 2),Harry Potter and the Prisoner of Azkaban (Book 3),0.041733226837060704,0.5710382513661202,8.46082710899861
The Alchemist,Jane Eyre,0.040135782747603835,0.2070030895983522,2.9789410135303105
Jane Eyre,The Alchemist,0.040135782747603835,0.5775862068965517,2.9789410135303105
"Harry Potter and the Prisoner of Azkaban (Book 3), Harry Potter and the Sorcerer's Stone (Book 1)",Harry Potter and the Chamber of Secrets (Book 2),0.0369408945686901,0.7581967213114754,10.374451312371226
"Harry Potter and the Chamber of Secrets (Book 2), Harry Potter and the Sorcerer's Stone (Book 1)",Harry Potter and the Prisoner of Azkaban (Book 3),0.0369408945686901,0.6727272727272727,9.96750941366326
"Harry Potter and the Chamber of Secrets (Book 2), Harry Potter and the Prisoner of Azkaban (Book 3)",Harry Potter and the Sorcerer's Stone (Book 1),0.0369408945686901,0.8851674641148325,7.2315149433720745
Harry Potter and the Sorcerer's Stone (Book 1),"Harry Potter and the Chamber of Secrets (Book 2), Harry Potter and the Prisoner of Azkaban (Book 3)",0.0369408945686901,0.30179445350734097,7.2315149433720745
Harry Potter and the Prisoner of Azkaban (Book 3),"Harry Potter and the Chamber of Secrets (Book 2), Harry Potter and the Sorcerer's Stone (Book 1)",0.0369408945686901,0.5473372781065089,9.96750941366326
Harry Potter and the Chamber of Secrets (Book 2),"Harry Potter and the Prisoner of Azkaban (Book 3), Harry Potter and the Sorcerer's Stone (Book 1)",0.0369408945686901,0.505464480874317,10.374451312371226
The Art of War,Harry Potter and the Sorcerer's Stone (Book 1),0.036741214057507986,0.24370860927152319,1.9910158486652334
Harry Potter and the Sorcerer's Stone (Book 1),The Art of War,0.036741214057507986,0.300163132137031,1.9910158486652334
The Art of War,The 7 Habits of Highly Effective People,0.032547923322683706,0.21589403973509932,2.1283412421129477
The 7 Habits of Highly Effective People,The Art of War,0.032547923322683706,0.32086614173228345,2.1283412421129477
The Mysterious Mr. Quin,The Hollow,0.032348242811501594,0.6352941176470588,7.7598852223816355
The Hollow,The Mysterious Mr. Quin,0.032348242811501594,0.3951219512195122,7.7598852223816355
"The Art of War, The Republic",The Alchemist,0.03134984025559105,0.7405660377358491,3.819520820783864
"The Alchemist, The Republic",The Art of War,0.03134984025559105,0.7268518518518519,4.821290164336522
"The Alchemist, The Art of War",The Republic,0.03134984025559105,0.37115839243498816,4.214878071007757
The Republic,"The Alchemist, The Art of War",0.03134984025559105,0.35600907029478457,4.214878071007757
The Art of War,"The Alchemist, The Republic",0.03134984025559105,0.20794701986754968,4.821290164336522
The Art of War,Jane Eyre,0.03075079872204473,0.20397350993377483,2.935342924564208
Jane Eyre,The Art of War,0.03075079872204473,0.4425287356321839,2.935342924564208
The Art of Loving,The Alchemist,0.030151757188498402,0.4507462686567164,2.324755214657915
Who Moved My Cheese?,The 7 Habits of Highly Effective People,0.029552715654952075,0.6434782608695652,6.3435809654228
The 7 Habits of Highly Effective People,Who Moved My Cheese?,0.029552715654952075,0.29133858267716534,6.3435809654228
Think and Grow Rich,The Art of War,0.028554313099041533,0.25905797101449274,1.718360687206066
The Hollow,Death in the Clouds,0.028154952076677318,0.3439024390243902,7.936697763290998
Death in the Clouds,The Hollow,0.028154952076677318,0.6497695852534562,7.936697763290998
Water for Elephants,The Art of War,0.028154952076677318,0.43119266055045874,2.8601494623002615
"The Alchemist, Think and Grow Rich",The 7 Habits of Highly Effective People,0.027955271565495207,0.44871794871794873,4.423581667676156
"The 7 Habits of Highly Effective People, Think and Grow Rich",The Alchemist,0.027955271565495207,0.6572769953051644,3.3899517945296216
"The 7 Habits of Highly Effective People, The Alchemist",Think and Grow Rich,0.027955271565495207,0.5035971223021583,4.568866645813784
Think and Grow Rich,"The 7 Habits of Highly Effective People, The Alchemist",0.027955271565495207,0.2536231884057971,4.568866645813784
The 7 Habits of Highly Effective People,"The Alchemist, Think and Grow Rich",0.027955271565495207,0.2755905511811024,4.423581667676156
Beyond Good and Evil,The Alchemist,0.0277555910543131,0.42378048780487804,2.185677325362337
Harry Potter and the Order of the Phoenix (Book 5),Harry Potter and the Half-Blood Prince (Book 6),0.0277555910543131,0.5205992509363296,11.237763140901459
Harry Potter and the Half-Blood Prince (Book 6),Harry Potter and the Order of the Phoenix (Book 5),0.0277555910543131,0.5991379310344828,11.237763140901459
"The Alchemist, The Art of War",Harry Potter and the Sorcerer's Stone (Book 1),0.0277555910543131,0.32860520094562645,2.6845919189815617
"Harry Potter and the Sorcerer's Stone (Book 1), The Art of War",The Alchemist,0.0277555910543131,0.7554347826086957,3.8962074060806877
"Harry Potter and the Sorcerer's Stone (Book 1), The Alchemist",The Art of War,0.0277555910543131,0.5129151291512916,3.402223797072408
Harry Potter and the Sorcerer's Stone (Book 1),"The Alchemist, The Art of War",0.0277555910543131,0.2267536704730832,2.6845919189815617
The Lord of the Rings,The Alchemist,0.02755591054313099,0.35294117647058826,1.8203186526927972
Water for Elephants,The Alchemist,0.02755591054313099,0.42201834862385323,2.1765889700393997
The Lord of the Rings,The Art of War,0.026956869009584664,0.3452685421994885,2.2902051117020377
Hamlet,The Alchemist,0.02615814696485623,0.45017182130584193,2.3217924625125197
The Screwtape Letters,The Republic,0.02615814696485623,0.4962121212121212,5.634989349275064
The Republic,The Screwtape Letters,0.02615814696485623,0.29705215419501135,5.634989349275064
The Hollow,The Big Four,0.025559105431309903,0.3121951219512195,6.059973529967858
The Big Four,The Hollow,0.025559105431309903,0.49612403100775193,6.059973529967858
The Hollow,The Alchemist,0.02476038338658147,0.3024390243902439,1.5598502926326896
The Big Four,Death in the Clouds,0.02456070287539936,0.47674418604651164,11.00246490193977
Death in the Clouds,The Big Four,0.02456070287539936,0.5668202764976958,11.00246490193977
Think and Grow Rich,Harry Potter and the Sorcerer's Stone (Book 1),0.02456070287539936,0.22282608695652173,1.8204127952337046
Harry Potter and the Sorcerer's Stone (Book 1),Think and Grow Rich,0.02456070287539936,0.200652528548124,1.8204127952337046
Think and Grow Rich,Beyond Good and Evil,0.023961661341853034,0.21739130434782608,3.3191940615058324
Beyond Good and Evil,Think and Grow Rich,0.023961661341853034,0.36585365853658536,3.3191940615058324
The Truth,Beyond Good and Evil,0.02356230031948882,0.48360655737704916,7.383846461415434
Beyond Good and Evil,The Truth,0.02356230031948882,0.3597560975609756,7.383846461415434
Hamlet,The Art of War,0.02336261980830671,0.4020618556701031,2.6669215539018234
The 7 Habits of Highly Effective People,Hamlet,0.022963258785942492,0.2263779527559055,3.8958789945071297
Hamlet,The 7 Habits of Highly Effective People,0.022963258785942492,0.3951890034364261,3.8958789945071297
The 7 Habits of Highly Effective People,Beyond Good and Evil,0.022563897763578276,0.22244094488188976,3.396293451123488
Beyond Good and Evil,The 7 Habits of Highly Effective People,0.022563897763578276,0.3445121951219512,3.396293451123488
"The Alchemist, The Art of War",Jane Eyre,0.02156549520766773,0.2553191489361702,3.6742479823917824
"Jane Eyre, The Art of War",The Alchemist,0.02156549520766773,0.7012987012987013,3.61699680340257
"Jane Eyre, The Alchemist",The Art of War,0.02156549520766773,0.5373134328358209,3.564060492240783
Jane Eyre,"The Alchemist, The Art of War",0.02156549520766773,0.3103448275862069,3.6742479823917824
The Princess Bride,A Tale of Two Cities,0.021166134185303515,0.451063829787234,12.015572657311
A Tale of Two Cities,The Princess Bride,0.021166134185303515,0.5638297872340425,12.015572657311
Murder in Mesopotamia,Appointment with Death,0.021166134185303515,0.527363184079602,10.69244868773541
Appointment with Death,Murder in Mesopotamia,0.021166134185303515,0.4291497975708502,10.69244868773541
Harry Potter and the Half-Blood Prince (Book 6),Harry Potter and the Sorcerer's Stone (Book 1),0.021166134185303515,0.45689655172413796,3.732688305113349
Harry Potter and the Prisoner of Azkaban (Book 3),Harry Potter and the Order of the Phoenix (Book 5),0.020766773162939296,0.3076923076923077,5.771247479112647
Harry Potter and the Order of the Phoenix (Book 5),Harry Potter and the Prisoner of Azkaban (Book 3),0.020766773162939296,0.3895131086142322,5.771247479112647
The Hollow,The Art of War,0.020766773162939296,0.25365853658536586,1.6825456307543207
Harry Potter and the Prisoner of Azkaban (Book 3),The Alchemist,0.02036741214057508,0.30177514792899407,1.556426303633782
Beyond Good and Evil,The Art of War,0.02016773162939297,0.3079268292682927,2.0425133257955097
The Canterbury Tales,The Art of War,0.02016773162939297,0.42083333333333334,2.791434878587196
Water for Elephants,Jane Eyre,0.019968051118210862,0.3058103975535168,4.400857675137966
Jane Eyre,Water for Elephants,0.019968051118210862,0.28735632183908044,4.400857675137966
Water for Elephants,The 7 Habits of Highly Effective People,0.019768370607028754,0.30275229357798167,2.984613161886874
"The Alchemist, The Art of War",The 7 Habits of Highly Effective People,0.019568690095846646,0.23167848699763594,2.2839485489845686
"The 7 Habits of Highly Effective People, The Art of War",The Alchemist,0.019568690095846646,0.6012269938650306,3.1008700157323106
"The 7 Habits of Highly Effective People, The Alchemist",The Art of War,0.019568690095846646,0.35251798561151076,2.3382914860164847
"The Alchemist, Think and Grow Rich",Harry Potter and the Sorcerer's Stone (Book 1),0.01896964856230032,0.30448717948717946,2.4875559459572507
"Harry Potter and the Sorcerer's Stone (Book 1), Think and Grow Rich",The Alchemist,0.01896964856230032,0.7723577235772358,3.9834886505404707
"Harry Potter and the Sorcerer's Stone (Book 1), The Alchemist",Think and Grow Rich,0.01896964856230032,0.3505535055350554,3.1803839777528213
Harry Potter and the Prisoner of Azkaban (Book 3),Harry Potter and the Half-Blood Prince (Book 6),0.018769968051118212,0.2781065088757396,6.003264639869415
Harry Potter and the Half-Blood Prince (Book 6),Harry Potter and the Prisoner of Azkaban (Book 3),0.018769968051118212,0.4051724137931034,6.003264639869415
The Screwtape Letters,The Art of War,0.018769968051118212,0.3560606060606061,2.361790086293398
The Mysterious Mr. Quin,Death in the Clouds,0.018170926517571885,0.3568627450980392,8.235800126502212
Death in the Clouds,The Mysterious Mr. Quin,0.018170926517571885,0.41935483870967744,8.235800126502212
Harry Potter and the Order of the Phoenix (Book 5),Harry Potter and the Sorcerer's Stone (Book 1),0.017971246006389777,0.33707865168539325,2.7538171087119894
Jane Eyre,The 7 Habits of Highly Effective People,0.017971246006389777,0.25862068965517243,2.5495519956557153
"The Art of War, Think and Grow Rich",The Alchemist,0.017971246006389777,0.6293706293706294,3.2460227722843586
"The Alchemist, Think and Grow Rich",The Art of War,0.017971246006389777,0.28846153846153844,1.913397860417728
"The Alchemist, The Art of War",Think and Grow Rich,0.017971246006389777,0.2127659574468085,1.9303114400246686
The Art of Loving,The Art of War,0.017771565495207666,0.2656716417910448,1.7622299100523868
"The Alchemist, Think and Grow Rich",Beyond Good and Evil,0.017771565495207666,0.28525641025641024,4.355378361475922
"Beyond Good and Evil, Think and Grow Rich",The Alchemist,0.017771565495207666,0.7416666666666667,3.8251973910058354
"Beyond Good and Evil, The Alchemist",Think and Grow Rich,0.017771565495207666,0.6402877697841727,5.808987592534668
Beyond Good and Evil,"The Alchemist, Think and Grow Rich",0.017771565495207666,0.27134146341463417,4.355378361475922
The Screwtape Letters,Getting Things Done,0.01757188498402556,0.3333333333333333,10.178861788617885
Getting Things Done,The Screwtape Letters,0.01757188498402556,0.5365853658536586,10.178861788617885
A Short History of Nearly Everything,The Art of War,0.01737220447284345,0.435,2.8854039735099337
The Mysterious Mr. Quin,The Big Four,0.01737220447284345,0.3411764705882353,6.622526219790241
The Big Four,The Mysterious Mr. Quin,0.01737220447284345,0.3372093023255814,6.622526219790241
"The Art of War, The Hollow",The Alchemist,0.01737220447284345,0.8365384615384616,4.314505268161293
"The Alchemist, The Hollow",The Art of War,0.01737220447284345,0.7016129032258065,4.653877376628925
"The Alchemist, The Art of War",The Hollow,0.01737220447284345,0.20567375886524822,2.5122297180418616
The Hollow,"The Alchemist, The Art of War",0.01737220447284345,0.2121951219512195,2.5122297180418616
"The 7 Habits of Highly Effective People, Think and Grow Rich",Beyond Good and Evil,0.01697284345047923,0.39906103286384975,6.092980648116339
"Beyond Good and Evil, Think and Grow Rich",The 7 Habits of Highly Effective People,0.01697284345047923,0.7083333333333334,6.982939632545931
"Beyond Good and Evil, The 7 Habits of Highly Effective People",Think and Grow Rich,0.01697284345047923,0.7522123893805309,6.824419648582788
Beyond Good and Evil,"The 7 Habits of Highly Effective People, Think and Grow Rich",0.01697284345047923,0.25914634146341464,6.092980648116339
Who Moved My Cheese?,The Alchemist,0.016773162939297124,0.3652173913043478,1.8836340840908072
"The Hollow, The Mysterious Mr. Quin",Death in the Clouds,0.016773162939297124,0.5185185185185185,11.966547192353644
"Death in the Clouds, The Mysterious Mr. Quin",The Hollow,0.016773162939297124,0.9230769230769231,11.275046904315197
"Death in the Clouds, The Hollow",The Mysterious Mr. Quin,0.016773162939297124,0.5957446808510638,11.699958281184815
The Mysterious Mr. Quin,"Death in the Clouds, The Hollow",0.016773162939297124,0.32941176470588235,11.699958281184815
The Hollow,"Death in the Clouds, The Mysterious Mr. Quin",0.016773162939297124,0.2048780487804878,11.275046904315197
Death in the Clouds,"The Hollow, The Mysterious Mr. Quin",0.016773162939297124,0.3870967741935484,11.966547192353644
Outlander,A Clash of Kings,0.016174121405750797,0.42857142857142855,13.936920222634507
A Clash of Kings,Outlander,0.016174121405750797,0.525974025974026,13.936920222634507
Harry Potter and the Half-Blood Prince (Book 6),Harry Potter and the Chamber of Secrets (Book 2),0.016174121405750797,0.34913793103448276,4.77727529677784
Harry Potter and the Chamber of Secrets (Book 2),Harry Potter and the Half-Blood Prince (Book 6),0.016174121405750797,0.22131147540983606,4.77727529677784
The Princess Bride,Outlander,0.016174121405750797,0.3446808510638298,9.133130699088145
Outlander,The Princess Bride,0.016174121405750797,0.42857142857142855,9.133130699088145
The Canterbury Tales,The Republic,0.016174121405750797,0.3375,3.8326530612244896
"The 7 Habits of Highly Effective People, The Alchemist",Beyond Good and Evil,0.01597444089456869,0.28776978417266186,4.393753290050886
"Beyond Good and Evil, The Alchemist",The 7 Habits of Highly Effective People,0.01597444089456869,0.5755395683453237,5.673823146207443
"Beyond Good and Evil, The 7 Habits of Highly Effective People",The Alchemist,0.01597444089456869,0.7079646017699115,3.651376648469327
Beyond Good and Evil,"The 7 Habits of Highly Effective People, The Alchemist",0.01597444089456869,0.24390243902439024,4.393753290050886
"The Big Four, The Hollow",Death in the Clouds,0.01597444089456869,0.625,14.423963133640553
"Death in the Clouds, The Hollow",The Big Four,0.01597444089456869,0.5673758865248227,11.013249766342295
"Death in the Clouds, The Big Four",The Hollow,0.01597444089456869,0.6504065040650406,7.944477493555423
The Big Four,"Death in the Clouds, The Hollow",0.01597444089456869,0.31007751937984496,11.013249766342295
Death in the Clouds,"The Big Four, The Hollow",0.01597444089456869,0.3686635944700461,14.423963133640553
"The Art of War, The Lord of the Rings",The Alchemist,0.01597444089456869,0.5925925925925926,3.0563374909409924
"The Alchemist, The Lord of the Rings",The Art of War,0.01597444089456869,0.5797101449275363,3.8452826566849025
The Lord of the Rings,"The Alchemist, The Art of War",0.01597444089456869,0.20460358056265984,2.4223516110113485
Water for Elephants,Hamlet,0.01577476038338658,0.2415902140672783,4.157676261336528
Hamlet,Water for Elephants,0.01577476038338658,0.27147766323024053,4.157676261336528
The Art of Loving,The Republic,0.015175718849840255,0.22686567164179106,2.576288624902697
The Merchant of Venice,The Art of War,0.015175718849840255,0.3781094527363184,2.508042568613884
"Harry Potter and the Half-Blood Prince (Book 6), Harry Potter and the Sorcerer's Stone (Book 1)",Harry Potter and the Chamber of Secrets (Book 2),0.015175718849840255,0.7169811320754716,9.810495927415197
"Harry Potter and the Chamber of Secrets (Book 2), Harry Potter and the Sorcerer's Stone (Book 1)",Harry Potter and the Half-Blood Prince (Book 6),0.015175718849840255,0.27636363636363637,5.96564263322884
"Harry Potter and the Chamber of Secrets (Book 2), Harry Potter and the Half-Blood Prince (Book 6)",Harry Potter and the Sorcerer's Stone (Book 1),0.015175718849840255,0.9382716049382716,7.6653575816164174
Harry Potter and the Half-Blood Prince (Book 6),"Harry Potter and the Chamber of Secrets (Book 2), Harry Potter and the Sorcerer's Stone (Book 1)",0.015175718849840255,0.3275862068965517,5.96564263322884
Harry Potter and the Chamber of Secrets (Book 2),"Harry Potter and the Half-Blood Prince (Book 6), Harry Potter and the Sorcerer's Stone (Book 1)",0.015175718849840255,0.20765027322404372,9.810495927415197
"Harry Potter and the Sorcerer's Stone (Book 1), The Alchemist",Harry Potter and the Prisoner of Azkaban (Book 3),0.015175718849840255,0.28044280442804426,4.155199895194218
"Harry Potter and the Prisoner of Azkaban (Book 3), The Alchemist",Harry Potter and the Sorcerer's Stone (Book 1),0.015175718849840255,0.7450980392156863,6.087195726577744
"Harry Potter and the Prisoner of Azkaban (Book 3), Harry Potter and the Sorcerer's Stone (Book 1)",The Alchemist,0.015175718849840255,0.3114754098360656,1.6064560787425504
Harry Potter and the Prisoner of Azkaban (Book 3),"Harry Potter and the Sorcerer's Stone (Book 1), The Alchemist",0.015175718849840255,0.22485207100591717,4.155199895194218
Harry Potter and the Chamber of Secrets (Book 2),The Alchemist,0.014976038338658147,0.20491803278688525,1.0568789991727305
Who Moved My Cheese?,The Art of War,0.014976038338658147,0.32608695652173914,2.162971494385258
Who Moved My Cheese?,Hamlet,0.014776357827476038,0.3217391304347826,5.537008815180038
Hamlet,Who Moved My Cheese?,0.014776357827476038,0.2542955326460481,5.537008815180038
Harry Potter and the Order of the Phoenix (Book 5),Harry Potter and the Chamber of Secrets (Book 2),0.01457667731629393,0.27340823970037453,3.7410613781952886
Harry Potter and the Prisoner of Azkaban (Book 3),The Art of War,0.01457667731629393,0.21597633136094674,1.4325953211332731
Jane Eyre,The Republic,0.01457667731629393,0.20977011494252873,2.3821513279641358
The Screwtape Letters,The Alchemist,0.01457667731629393,0.2765151515151515,1.4261461161564148
"Harry Potter and the Order of the Phoenix (Book 5), Harry Potter and the Prisoner of Azkaban (Book 3)",Harry Potter and the Half-Blood Prince (Book 6),0.01457667731629393,0.7019230769230769,15.15185676392573
"Harry Potter and the Half-Blood Prince (Book 6), Harry Potter and the Prisoner of Azkaban (Book 3)",Harry Potter and the Order of the Phoenix (Book 5),0.01457667731629393,0.776595744680851,14.566260259781657
"Harry Potter and the Half-Blood Prince (Book 6), Harry Potter and the Order of the Phoenix (Book 5)",Harry Potter and the Prisoner of Azkaban (Book 3),0.01457667731629393,0.5251798561151079,7.781363075220297
Harry Potter and the Prisoner of Azkaban (Book 3),"Harry Potter and the Half-Blood Prince (Book 6), Harry Potter and the Order of the Phoenix (Book 5)",0.01457667731629393,0.21597633136094674,7.781363075220297
Harry Potter and the Order of the Phoenix (Book 5),"Harry Potter and the Half-Blood Prince (Book 6), Harry Potter and the Prisoner of Azkaban (Book 3)",0.01457667731629393,0.27340823970037453,14.566260259781657
Harry Potter and the Half-Blood Prince (Book 6),"Harry Potter and the Order of the Phoenix (Book 5), Harry Potter and the Prisoner of Azkaban (Book 3)",0.01457667731629393,0.3146551724137931,15.15185676392573
"The Art of War, Water for Elephants",The Alchemist,0.01437699680511182,0.5106382978723404,2.6336525187895785
"The Alchemist, Water for Elephants",The Art of War,0.01437699680511182,0.5217391304347826,3.4607543910164122
Water for Elephants,"The Alchemist, The Art of War",0.01437699680511182,0.22018348623853212,2.6068059079966166
The Art of Loving,Marked,0.014177316293929713,0.21194029850746268,7.220387856635192
Marked,The Art of Loving,0.014177316293929713,0.48299319727891155,7.220387856635192
"The 7 Habits of Highly Effective People, The Alchemist",Harry Potter and the Sorcerer's Stone (Book 1),0.014177316293929713,0.25539568345323743,2.086495241001326
"Harry Potter and the Sorcerer's Stone (Book 1), The Alchemist",The 7 Habits of Highly Effective People,0.014177316293929713,0.26199261992619927,2.582793386988988
"Harry Potter and the Sorcerer's Stone (Book 1), The 7 Habits of Highly Effective People",The Alchemist,0.014177316293929713,0.7717391304347826,3.9802982134061704
The Truth,Everyday Italian,0.013977635782747603,0.28688524590163933,6.219572776949826
Everyday Italian,The Truth,0.013977635782747603,0.30303030303030304,6.219572776949826
"Harry Potter and the Prisoner of Azkaban (Book 3), Harry Potter and the Sorcerer's Stone (Book 1)",Harry Potter and the Half-Blood Prince (Book 6),0.013977635782747603,0.28688524590163933,6.192764273600905
"Harry Potter and the Half-Blood Prince (Book 6), Harry Potter and the Sorcerer's Stone (Book 1)",Harry Potter and the Prisoner of Azkaban (Book 3),0.013977635782747603,0.660377358490566,9.784526068996316
"Harry Potter and the Half-Blood Prince (Book 6), Harry Potter and the Prisoner of Azkaban (Book 3)",Harry Potter and the Sorcerer's Stone (Book 1),0.013977635782747603,0.7446808510638298,6.083787442296345
Harry Potter and the Prisoner of Azkaban (Book 3),"Harry Potter and the Half-Blood Prince (Book 6), Harry Potter and the Sorcerer's Stone (Book 1)",0.013977635782747603,0.20710059171597633,9.784526068996316
Harry Potter and the Half-Blood Prince (Book 6),"Harry Potter and the Prisoner of Azkaban (Book 3), Harry Potter and the Sorcerer's Stone (Book 1)",0.013977635782747603,0.3017241379310345,6.192764273600905
The Giver,Charlotte's Web (full color),0.013777955271565496,0.3039647577092511,10.571218795888399
Charlotte's Web (full color),The Giver,0.013777955271565496,0.4791666666666667,10.571218795888399
Hamlet,The Republic,0.013777955271565496,0.23711340206185566,2.692661944502887
"The Art of War, The Republic",Harry Potter and the Sorcerer's Stone (Book 1),0.013777955271565496,0.32547169811320753,2.6589922743082273
"Harry Potter and the Sorcerer's Stone (Book 1), The Republic",The Art of War,0.013777955271565496,0.8023255813953488,5.3219159094409365
"Harry Potter and the Sorcerer's Stone (Book 1), The Art of War",The Republic,0.013777955271565496,0.375,4.258503401360544
"The Art of Loving, The Republic",The Alchemist,0.013777955271565496,0.9078947368421053,4.682530218440024
"The Alchemist, The Republic",The Art of Loving,0.013777955271565496,0.3194444444444444,4.775456053067994
"The Alchemist, The Art of Loving",The Republic,0.013777955271565496,0.45695364238410596,5.189169707618147
The Art of Loving,"The Alchemist, The Republic",0.013777955271565496,0.20597014925373133,4.775456053067994
The Big Four,The Art of Loving,0.013578274760383386,0.26356589147286824,3.940113386555594
The Art of Loving,The Big Four,0.013578274760383386,0.20298507462686566,3.940113386555594
"The Alchemist, Who Moved My Cheese?",The 7 Habits of Highly Effective People,0.013578274760383386,0.8095238095238095,7.980502437195351
"The 7 Habits of Highly Effective People, Who Moved My Cheese?",The Alchemist,0.013578274760383386,0.4594594594594595,2.369694101928911
"The 7 Habits of Highly Effective People, The Alchemist",Who Moved My Cheese?,0.013578274760383386,0.2446043165467626,5.32599311854864
Who Moved My Cheese?,"The 7 Habits of Highly Effective People, The Alchemist",0.013578274760383386,0.2956521739130435,5.32599311854864
The Merchant of Venice,Julius Caesar,0.013378594249201278,0.3333333333333333,14.146892655367232
Julius Caesar,The Merchant of Venice,0.013378594249201278,0.5677966101694916,14.146892655367232
"Hamlet, The Art of War",The Alchemist,0.013378594249201278,0.5726495726495726,2.9534799792266324
"Hamlet, The Alchemist",The Art of War,0.013378594249201278,0.5114503816793893,3.392507962185936
Hamlet,"The Alchemist, The Art of War",0.013378594249201278,0.23024054982817868,2.725873932717539
A Short History of Nearly Everything,The 7 Habits of Highly Effective People,0.013178913738019169,0.33,3.253228346456693
I Like You,Everyday Italian,0.013178913738019169,0.559322033898305,12.125907990314769
Everyday Italian,I Like You,0.013178913738019169,0.2857142857142857,12.125907990314769
Sideways Stories from Wayside School,Think and Grow Rich,0.013178913738019169,0.3793103448275862,3.44127936031984
The Canterbury Tales,The Alchemist,0.013178913738019169,0.275,1.4183316168898041
"The Alchemist, The Republic",Harry Potter and the Sorcerer's Stone (Book 1),0.013178913738019169,0.3055555555555556,2.496284212434294
"Harry Potter and the Sorcerer's Stone (Book 1), The Republic",The Alchemist,0.013178913738019169,0.7674418604651163,3.9581347448087563
"Harry Potter and the Sorcerer's Stone (Book 1), The Alchemist",The Republic,0.013178913738019169,0.24354243542435425,2.7656701056806487
"The 7 Habits of Highly Effective People, The Alchemist, Think and Grow Rich",Beyond Good and Evil,0.013178913738019169,0.4714285714285714,7.197909407665505
"Beyond Good and Evil, The Alchemist, Think and Grow Rich",The 7 Habits of Highly Effective People,0.013178913738019169,0.7415730337078652,7.31062549765549
"Beyond Good and Evil, The 7 Habits of Highly Effective People, Think and Grow Rich",The Alchemist,0.013178913738019169,0.7764705882352941,4.004701035924153
"Beyond Good and Evil, The 7 Habits of Highly Effective People, The Alchemist",Think and Grow Rich,0.013178913738019169,0.825,7.484782608695652
"The Alchemist, Think and Grow Rich","Beyond Good and Evil, The 7 Habits of Highly Effective People",0.013178913738019169,0.21153846153846154,9.375085091899251
"The 7 Habits of Highly Effective People, Think and Grow Rich","Beyond Good and Evil, The Alchemist",0.013178913738019169,0.30985915492957744,11.16384638767859
"The 7 Habits of Highly Effective People, The Alchemist","Beyond Good and Evil, Think and Grow Rich",0.013178913738019169,0.23741007194244604,9.907913669064747
"Beyond Good and Evil, Think and Grow Rich","The 7 Habits of Highly Effective People, The Alchemist",0.013178913738019169,0.55,9.907913669064747
"Beyond Good and Evil, The Alchemist","The 7 Habits of Highly Effective People, Think and Grow Rich",0.013178913738019169,0.4748201438848921,11.16384638767859
"Beyond Good and Evil, The 7 Habits of Highly Effective People","The Alchemist, Think and Grow Rich",0.013178913738019169,0.584070796460177,9.375085091899251
Beyond Good and Evil,"The 7 Habits of Highly Effective People, The Alchemist, Think and Grow Rich",0.013178913738019169,0.20121951219512196,7.197909407665505
The Red Badge of Courage,Sideways Stories from Wayside School,0.012979233226837061,0.4140127388535032,11.915952851599677
Sideways Stories from Wayside School,The Red Badge of Courage,0.012979233226837061,0.3735632183908046,11.915952851599677
"The Hollow, The Republic",The Alchemist,0.012979233226837061,0.9420289855072463,4.858579978805654
"The Alchemist, The Republic",The Hollow,0.012979233226837061,0.30092592592592593,3.675700090334237
"The Alchemist, The Hollow",The Republic,0.012979233226837061,0.5241935483870968,5.952746690073879
"The Republic, The Screwtape Letters",The Art of War,0.012979233226837061,0.4961832061068702,3.291239067792326
"The Art of War, The Screwtape Letters",The Republic,0.012979233226837061,0.6914893617021277,7.852559463501713
"The Art of War, The Republic",The Screwtape Letters,0.012979233226837061,0.30660377358490565,5.816180674671241
The Screwtape Letters,"The Art of War, The Republic",0.012979233226837061,0.24621212121212122,5.816180674671241
The Merchant of Venice,The Alchemist,0.012779552715654952,0.31840796019900497,1.6422111891623243
"Harry Potter and the Half-Blood Prince (Book 6), Harry Potter and the Prisoner of Azkaban (Book 3)",Harry Potter and the Chamber of Secrets (Book 2),0.012779552715654952,0.6808510638297872,9.316126031856761
"Harry Potter and the Chamber of Secrets (Book 2), Harry Potter and the Prisoner of Azkaban (Book 3)",Harry Potter and the Half-Blood Prince (Book 6),0.012779552715654952,0.3062200956937799,6.6101303415278005
"Harry Potter and the Chamber of Secrets (Book 2), Harry Potter and the Half-Blood Prince (Book 6)",Harry Potter and the Prisoner of Azkaban (Book 3),0.012779552715654952,0.7901234567901234,11.706917963328218
Harry Potter and the Half-Blood Prince (Book 6),"Harry Potter and the Chamber of Secrets (Book 2), Harry Potter and the Prisoner of Azkaban (Book 3)",0.012779552715654952,0.27586206896551724,6.6101303415278005
Marked,Charlotte's Web (full color),0.012579872204472844,0.42857142857142855,14.904761904761907
Charlotte's Web (full color),Marked,0.012579872204472844,0.4375,14.904761904761907
"The Alchemist, The Hollow",Harry Potter and the Sorcerer's Stone (Book 1),0.012579872204472844,0.5080645161290323,4.150713045308636
"Harry Potter and the Sorcerer's Stone (Book 1), The Hollow",The Alchemist,0.012579872204472844,0.9545454545454546,4.92313453796461
"Harry Potter and the Sorcerer's Stone (Book 1), The Alchemist",The Hollow,0.012579872204472844,0.23247232472324722,2.8395643956439565
Nickel and Dimed,The Art of War,0.012380191693290734,0.36046511627906974,2.3910056984444785
"Harry Potter and the Order of the Phoenix (Book 5), Harry Potter and the Sorcerer's Stone (Book 1)",Harry Potter and the Chamber of Secrets (Book 2),0.012380191693290734,0.6888888888888889,9.426108075288402
"Harry Potter and the Chamber of Secrets (Book 2), Harry Potter and the Sorcerer's Stone (Book 1)",Harry Potter and the Order of the Phoenix (Book 5),0.012380191693290734,0.22545454545454546,4.228750425604358
"Harry Potter and the Chamber of Secrets (Book 2), Harry Potter and the Order of the Phoenix (Book 5)",Harry Potter and the Sorcerer's Stone (Book 1),0.012380191693290734,0.8493150684931506,6.938613153366555
Harry Potter and the Order of the Phoenix (Book 5),"Harry Potter and the Chamber of Secrets (Book 2), Harry Potter and the Sorcerer's Stone (Book 1)",0.012380191693290734,0.23220973782771537,4.228750425604358
"Harry Potter and the Order of the Phoenix (Book 5), Harry Potter and the Sorcerer's Stone (Book 1)",Harry Potter and the Half-Blood Prince (Book 6),0.012380191693290734,0.6888888888888889,14.870498084291187
"Harry Potter and the Half-Blood Prince (Book 6), Harry Potter and the Sorcerer's Stone (Book 1)",Harry Potter and the Order of the Phoenix (Book 5),0.012380191693290734,0.5849056603773585,10.970814783407532
"Harry Potter and the Half-Blood Prince (Book 6), Harry Potter and the Order of the Phoenix (Book 5)",Harry Potter and the Sorcerer's Stone (Book 1),0.012380191693290734,0.4460431654676259,3.6440198575234426
Harry Potter and the Order of the Phoenix (Book 5),"Harry Potter and the Half-Blood Prince (Book 6), Harry Potter and the Sorcerer's Stone (Book 1)",0.012380191693290734,0.23220973782771537,10.970814783407532
Harry Potter and the Half-Blood Prince (Book 6),"Harry Potter and the Order of the Phoenix (Book 5), Harry Potter and the Sorcerer's Stone (Book 1)",0.012380191693290734,0.2672413793103448,14.870498084291187
"The Art of War, The Screwtape Letters",The Alchemist,0.012380191693290734,0.6595744680851063,3.4018011701032056
"The Alchemist, The Screwtape Letters",The Art of War,0.012380191693290734,0.8493150684931506,5.633602467567812
The Screwtape Letters,"The Alchemist, The Art of War",0.012380191693290734,0.23484848484848486,2.7804283974496737
"The Hollow, The Mysterious Mr. Quin",The Big Four,0.012380191693290734,0.38271604938271603,7.428844865537372
"The Big Four, The Mysterious Mr. Quin",The Hollow,0.012380191693290734,0.7126436781609196,8.704681805438744
"The Big Four, The Hollow",The Mysterious Mr. Quin,0.012380191693290734,0.484375,9.512745098039217
The Mysterious Mr. Quin,"The Big Four, The Hollow",0.012380191693290734,0.24313725490196078,9.512745098039217
The Big Four,"The Hollow, The Mysterious Mr. Quin",0.012380191693290734,0.24031007751937986,7.428844865537372
"Harry Potter and the Half-Blood Prince (Book 6), Harry Potter and the Prisoner of Azkaban (Book 3), Harry Potter and the Sorcerer's Stone (Book 1)",Harry Potter and the Chamber of Secrets (Book 2),0.012380191693290734,0.8857142857142857,12.11928181108509
"Harry Potter and the Chamber of Secrets (Book 2), Harry Potter and the Prisoner of Azkaban (Book 3), Harry Potter and the Sorcerer's Stone (Book 1)",Harry Potter and the Half-Blood Prince (Book 6),0.012380191693290734,0.33513513513513515,7.234296365330848
"Harry Potter and the Chamber of Secrets (Book 2), Harry Potter and the Half-Blood Prince (Book 6), Harry Potter and the Sorcerer's Stone (Book 1)",Harry Potter and the Prisoner of Azkaban (Book 3),0.012380191693290734,0.8157894736842105,12.087200249143567
"Harry Potter and the Chamber of Secrets (Book 2), Harry Potter and the Half-Blood Prince (Book 6), Harry Potter and the Prisoner of Azkaban (Book 3)",Harry Potter and the Sorcerer's Stone (Book 1),0.012380191693290734,0.96875,7.914355628058727
"Harry Potter and the Prisoner of Azkaban (Book 3), Harry Potter and the Sorcerer's Stone (Book 1)","Harry Potter and the Chamber of Secrets (Book 2), Harry Potter and the Half-Blood Prince (Book 6)",0.012380191693290734,0.2540983606557377,15.71018012548067
"Harry Potter and the Half-Blood Prince (Book 6), Harry Potter and the Sorcerer's Stone (Book 1)","Harry Potter and the Chamber of Secrets (Book 2), Harry Potter and the Prisoner of Azkaban (Book 3)",0.012380191693290734,0.5849056603773585,14.01534711564503
"Harry Potter and the Half-Blood Prince (Book 6), Harry Potter and the Prisoner of Azkaban (Book 3)","Harry Potter and the Chamber of Secrets (Book 2), Harry Potter and the Sorcerer's Stone (Book 1)",0.012380191693290734,0.6595744680851063,12.011450676982593
"Harry Potter and the Chamber of Secrets (Book 2), Harry Potter and the Sorcerer's Stone (Book 1)","Harry Potter and the Half-Blood Prince (Book 6), Harry Potter and the Prisoner of Azkaban (Book 3)",0.012380191693290734,0.22545454545454546,12.011450676982593
"Harry Potter and the Chamber of Secrets (Book 2), Harry Potter and the Prisoner of Azkaban (Book 3)","Harry Potter and the Half-Blood Prince (Book 6), Harry Potter and the Sorcerer's Stone (Book 1)",0.012380191693290734,0.2966507177033493,14.01534711564503
"Harry Potter and the Chamber of Secrets (Book 2), Harry Potter and the Half-Blood Prince (Book 6)","Harry Potter and the Prisoner of Azkaban (Book 3), Harry Potter and the Sorcerer's Stone (Book 1)",0.012380191693290734,0.7654320987654321,15.71018012548067
Harry Potter and the Half-Blood Prince (Book 6),"Harry Potter and the Chamber of Secrets (Book 2), Harry Potter and the Prisoner of Azkaban (Book 3), Harry Potter and the Sorcerer's Stone (Book 1)",0.012380191693290734,0.2672413793103448,7.234296365330848
The Merchant of Venice,The Republic,0.012180511182108627,0.3034825870646766,3.446351011382994
"The Art of Loving, The Art of War",The Alchemist,0.012180511182108627,0.6853932584269663,3.5349633761094204
"The Alchemist, The Art of Loving",The Art of War,0.012180511182108627,0.40397350993377484,2.679601771852112
The War of Art,Longitude,0.011980830670926517,0.3015075376884422,10.413446543060127
Longitude,The War of Art,0.011980830670926517,0.41379310344827586,10.413446543060127
"The 7 Habits of Highly Effective People, Who Moved My Cheese?",Hamlet,0.011980830670926517,0.40540540540540543,6.976873780997493
"Hamlet, Who Moved My Cheese?",The 7 Habits of Highly Effective People,0.011980830670926517,0.8108108108108109,7.9931900404341345
"Hamlet, The 7 Habits of Highly Effective People",Who Moved My Cheese?,0.011980830670926517,0.5217391304347826,11.360302457466918
Who Moved My Cheese?,"Hamlet, The 7 Habits of Highly Effective People",0.011980830670926517,0.2608695652173913,11.360302457466918
Hamlet,"The 7 Habits of Highly Effective People, Who Moved My Cheese?",0.011980830670926517,0.20618556701030927,6.976873780997493
"Harry Potter and the Half-Blood Prince (Book 6), Harry Potter and the Order of the Phoenix (Book 5)",Harry Potter and the Chamber of Secrets (Book 2),0.011980830670926517,0.4316546762589928,5.906356881707748
"Harry Potter and the Chamber of Secrets (Book 2), Harry Potter and the Order of the Phoenix (Book 5)",Harry Potter and the Half-Blood Prince (Book 6),0.011980830670926517,0.821917808219178,17.7420878601795
"Harry Potter and the Chamber of Secrets (Book 2), Harry Potter and the Half-Blood Prince (Book 6)",Harry Potter and the Order of the Phoenix (Book 5),0.011980830670926517,0.7407407407407407,13.893743931197115
Harry Potter and the Order of the Phoenix (Book 5),"Harry Potter and the Chamber of Secrets (Book 2), Harry Potter and the Half-Blood Prince (Book 6)",0.011980830670926517,0.2247191011235955,13.893743931197115
Harry Potter and the Half-Blood Prince (Book 6),"Harry Potter and the Chamber of Secrets (Book 2), Harry Potter and the Order of the Phoenix (Book 5)",0.011980830670926517,0.25862068965517243,17.7420878601795
"Harry Potter and the Prisoner of Azkaban (Book 3), Harry Potter and the Sorcerer's Stone (Book 1)",Harry Potter and the Order of the Phoenix (Book 5),0.011980830670926517,0.2459016393442623,4.612267452569534
"Harry Potter and the Order of the Phoenix (Book 5), Harry Potter and the Sorcerer's Stone (Book 1)",Harry Potter and the Prisoner of Azkaban (Book 3),0.011980830670926517,0.6666666666666666,9.877712031558184
"Harry Potter and the Order of the Phoenix (Book 5), Harry Potter and the Prisoner of Azkaban (Book 3)",Harry Potter and the Sorcerer's Stone (Book 1),0.011980830670926517,0.5769230769230769,4.713263897603212
Harry Potter and the Order of the Phoenix (Book 5),"Harry Potter and the Prisoner of Azkaban (Book 3), Harry Potter and the Sorcerer's Stone (Book 1)",0.011980830670926517,0.2247191011235955,4.612267452569534
"The Art of War, Think and Grow Rich",The 7 Habits of Highly Effective People,0.011980830670926517,0.4195804195804196,4.1363361048400415
"The 7 Habits of Highly Effective People, Think and Grow Rich",The Art of War,0.011980830670926517,0.28169014084507044,1.8684824176849175
"The 7 Habits of Highly Effective People, The Art of War",Think and Grow Rich,0.011980830670926517,0.36809815950920244,3.339557215257402
Neil Gaiman's Neverwhere,Dragons of Winter Night,0.01178115015974441,0.43703703703703706,9.903536115300822
Dragons of Winter Night,Neil Gaiman's Neverwhere,0.01178115015974441,0.2669683257918552,9.903536115300822
Getting Things Done,Think and Grow Rich,0.01178115015974441,0.3597560975609756,3.2638741604807353
"The 7 Habits of Highly Effective People, The Alchemist",Hamlet,0.01178115015974441,0.21223021582733814,3.65240178990828
"Hamlet, The Alchemist",The 7 Habits of Highly Effective People,0.01178115015974441,0.45038167938931295,4.439983170042677
"Hamlet, The 7 Habits of Highly Effective People",The Alchemist,0.01178115015974441,0.5130434782608696,2.6460574038418487
Hamlet,"The 7 Habits of Highly Effective People, The Alchemist",0.01178115015974441,0.2027491408934708,3.65240178990828
"The Alchemist, Water for Elephants",The 7 Habits of Highly Effective People,0.01178115015974441,0.427536231884058,4.214766632431815
"The 7 Habits of Highly Effective People, Water for Elephants",The Alchemist,0.01178115015974441,0.5959595959595959,3.0737030448667935
"The 7 Habits of Highly Effective People, The Alchemist",Water for Elephants,0.01178115015974441,0.21223021582733814,3.2503025102853496
Outlander,A Tale of Two Cities,0.0115814696485623,0.30687830687830686,8.174715749183834
A Tale of Two Cities,Outlander,0.0115814696485623,0.30851063829787234,8.174715749183834
The Truth,The Alchemist,0.0115814696485623,0.23770491803278687,1.2259796390403674
The Devil Wears Prada,A Tale of Two Cities,0.011381789137380192,0.3825503355704698,10.190489790089963
A Tale of Two Cities,The Devil Wears Prada,0.011381789137380192,0.30319148936170215,10.190489790089963
Everyday Italian,Dragons of Winter Night,0.011381789137380192,0.24675324675324675,5.591584885702534
Dragons of Winter Night,Everyday Italian,0.011381789137380192,0.2579185520361991,5.591584885702534
"Harry Potter and the Prisoner of Azkaban (Book 3), The Art of War",The Alchemist,0.011381789137380192,0.7808219178082192,4.027143320683379
"Harry Potter and the Prisoner of Azkaban (Book 3), The Alchemist",The Art of War,0.011381789137380192,0.5588235294117647,3.7067393844955205
"The Art of War, Water for Elephants",The 7 Habits of Highly Effective People,0.011381789137380192,0.40425531914893614,3.9852571620036854
"The 7 Habits of Highly Effective People, Water for Elephants",The Art of War,0.011381789137380192,0.5757575757575758,3.819064820389324
"The 7 Habits of Highly Effective People, The Art of War",Water for Elephants,0.011381789137380192,0.3496932515337423,5.35554680024765
"Harry Potter and the Half-Blood Prince (Book 6), Harry Potter and the Order of the Phoenix (Book 5), Harry Potter and the Sorcerer's Stone (Book 1)",Harry Potter and the Chamber of Secrets (Book 2),0.011381789137380192,0.9193548387096774,12.579587519830778
"Harry Potter and the Chamber of Secrets (Book 2), Harry Potter and the Order of the Phoenix (Book 5), Harry Potter and the Sorcerer's Stone (Book 1)",Harry Potter and the Half-Blood Prince (Book 6),0.011381789137380192,0.9193548387096774,19.84538375973304
"Harry Potter and the Chamber of Secrets (Book 2), Harry Potter and the Half-Blood Prince (Book 6), Harry Potter and the Sorcerer's Stone (Book 1)",Harry Potter and the Order of the Phoenix (Book 5),0.011381789137380192,0.75,14.06741573033708
"Harry Potter and the Chamber of Secrets (Book 2), Harry Potter and the Half-Blood Prince (Book 6), Harry Potter and the Order of the Phoenix (Book 5)",Harry Potter and the Sorcerer's Stone (Book 1),0.011381789137380192,0.95,7.761174551386624
"Harry Potter and the Order of the Phoenix (Book 5), Harry Potter and the Sorcerer's Stone (Book 1)","Harry Potter and the Chamber of Secrets (Book 2), Harry Potter and the Half-Blood Prince (Book 6)",0.011381789137380192,0.6333333333333333,39.157201646090535
"Harry Potter and the Half-Blood Prince (Book 6), Harry Potter and the Sorcerer's Stone (Book 1)","Harry Potter and the Chamber of Secrets (Book 2), Harry Potter and the Order of the Phoenix (Book 5)",0.011381789137380192,0.5377358490566038,36.89015249418455
"Harry Potter and the Half-Blood Prince (Book 6), Harry Potter and the Order of the Phoenix (Book 5)","Harry Potter and the Chamber of Secrets (Book 2), Harry Potter and the Sorcerer's Stone (Book 1)",0.011381789137380192,0.41007194244604317,7.467782864617398
"Harry Potter and the Chamber of Secrets (Book 2), Harry Potter and the Sorcerer's Stone (Book 1)","Harry Potter and the Half-Blood Prince (Book 6), Harry Potter and the Order of the Phoenix (Book 5)",0.011381789137380192,0.20727272727272728,7.467782864617398
"Harry Potter and the Chamber of Secrets (Book 2), Harry Potter and the Order of the Phoenix (Book 5)","Harry Potter and the Half-Blood Prince (Book 6), Harry Potter and the Sorcerer's Stone (Book 1)",0.011381789137380192,0.7808219178082192,36.89015249418455
"Harry Potter and the Chamber of Secrets (Book 2), Harry Potter and the Half-Blood Prince (Book 6)","Harry Potter and the Order of the Phoenix (Book 5), Harry Potter and the Sorcerer's Stone (Book 1)",0.011381789137380192,0.7037037037037037,39.157201646090535
Harry Potter and the Order of the Phoenix (Book 5),"Harry Potter and the Chamber of Secrets (Book 2), Harry Potter and the Half-Blood Prince (Book 6), Harry Potter and the Sorcerer's Stone (Book 1)",0.011381789137380192,0.21348314606741572,14.06741573033708
Harry Potter and the Half-Blood Prince (Book 6),"Harry Potter and the Chamber of Secrets (Book 2), Harry Potter and the Order of the Phoenix (Book 5), Harry Potter and the Sorcerer's Stone (Book 1)",0.011381789137380192,0.24568965517241378,19.84538375973304
Who Moved My Cheese?,A Short History of Nearly Everything,0.011182108626198083,0.24347826086956523,6.096695652173913
A Short History of Nearly Everything,Who Moved My Cheese?,0.011182108626198083,0.28,6.096695652173913
"Outlander, The Princess Bride",A Tale of Two Cities,0.011182108626198083,0.691358024691358,18.416600998161282
"A Tale of Two Cities, The Princess Bride",Outlander,0.011182108626198083,0.5283018867924528,13.998602375960866
"A Tale of Two Cities, Outlander",The Princess Bride,0.011182108626198083,0.9655172413793104,20.575788701393982
The Princess Bride,"A Tale of Two Cities, Outlander",0.011182108626198083,0.23829787234042554,20.575788701393982
Outlander,"A Tale of Two Cities, The Princess Bride",0.011182108626198083,0.2962962962962963,13.998602375960866
A Tale of Two Cities,"Outlander, The Princess Bride",0.011182108626198083,0.2978723404255319,18.416600998161282
"Jane Eyre, The Art of War",Harry Potter and the Sorcerer's Stone (Book 1),0.011182108626198083,0.36363636363636365,2.9707845172771763
"Harry Potter and the Sorcerer's Stone (Book 1), The Art of War",Jane Eyre,0.011182108626198083,0.30434782608695654,4.379810094952523
"Harry Potter and the Sorcerer's Stone (Book 1), Jane Eyre",The Art of War,0.011182108626198083,0.8484848484848485,5.628095524784267
"The Hollow, The Republic",The Art of War,0.011182108626198083,0.8115942028985508,5.383395719358864
"The Art of War, The Republic",The Hollow,0.011182108626198083,0.2641509433962264,3.226507132995858
"The Art of War, The Hollow",The Republic,0.011182108626198083,0.5384615384615384,6.114774114774114
"Beyond Good and Evil, The Art of War",The Alchemist,0.010982428115015975,0.5445544554455446,2.8085774591877315
"Beyond Good and Evil, The Alchemist",The Art of War,0.010982428115015975,0.39568345323741005,2.624612892467483
"Harry Potter and the Order of the Phoenix (Book 5), Harry Potter and the Prisoner of Azkaban (Book 3)",Harry Potter and the Chamber of Secrets (Book 2),0.010982428115015975,0.5288461538461539,7.236233711643548
"Harry Potter and the Chamber of Secrets (Book 2), Harry Potter and the Prisoner of Azkaban (Book 3)",Harry Potter and the Order of the Phoenix (Book 5),0.010982428115015975,0.2631578947368421,4.935935343977923
"Harry Potter and the Chamber of Secrets (Book 2), Harry Potter and the Order of the Phoenix (Book 5)",Harry Potter and the Prisoner of Azkaban (Book 3),0.010982428115015975,0.7534246575342466,11.16316770689795
Harry Potter and the Order of the Phoenix (Book 5),"Harry Potter and the Chamber of Secrets (Book 2), Harry Potter and the Prisoner of Azkaban (Book 3)",0.010982428115015975,0.20599250936329588,4.935935343977923
"Jane Eyre, The Alchemist",The 7 Habits of Highly Effective People,0.010982428115015975,0.2736318407960199,2.6975359423355663
"Jane Eyre, The 7 Habits of Highly Effective People",The Alchemist,0.010982428115015975,0.6111111111111112,3.1518480375328988
"The Alchemist, The Art of War, The Republic",Harry Potter and the Sorcerer's Stone (Book 1),0.010982428115015975,0.3503184713375796,2.861981899606197
"Harry Potter and the Sorcerer's Stone (Book 1), The Art of War, The Republic",The Alchemist,0.010982428115015975,0.7971014492753623,4.111106135912476
"Harry Potter and the Sorcerer's Stone (Book 1), The Alchemist, The Republic",The Art of War,0.010982428115015975,0.8333333333333334,5.527593818984548
"Harry Potter and the Sorcerer's Stone (Book 1), The Alchemist, The Art of War",The Republic,0.010982428115015975,0.39568345323741005,4.493384883929592
"The Art of War, The Republic","Harry Potter and the Sorcerer's Stone (Book 1), The Alchemist",0.010982428115015975,0.25943396226415094,4.794263036969992
"The Alchemist, The Republic","Harry Potter and the Sorcerer's Stone (Book 1), The Art of War",0.010982428115015975,0.25462962962962965,6.93035426731079
"Harry Potter and the Sorcerer's Stone (Book 1), The Republic","The Alchemist, The Art of War",0.010982428115015975,0.6395348837209303,7.571609214360328
"Harry Potter and the Sorcerer's Stone (Book 1), The Art of War","The Alchemist, The Republic",0.010982428115015975,0.29891304347826086,6.93035426731079
"Harry Potter and the Sorcerer's Stone (Book 1), The Alchemist","The Art of War, The Republic",0.010982428115015975,0.2029520295202952,4.794263036969992
"The Art of War, The Hollow, The Republic",The Alchemist,0.010982428115015975,0.9821428571428571,5.06547006032073
"The Alchemist, The Hollow, The Republic",The Art of War,0.010982428115015975,0.8461538461538461,5.612633723892002
"The Alchemist, The Art of War, The Republic",The Hollow,0.010982428115015975,0.3503184713375796,4.279011962094144
"The Alchemist, The Art of War, The Hollow",The Republic,0.010982428115015975,0.632183908045977,7.17908619386452
"The Hollow, The Republic","The Alchemist, The Art of War",0.010982428115015975,0.7971014492753623,9.437078151231713
"The Art of War, The Republic","The Alchemist, The Hollow",0.010982428115015975,0.25943396226415094,10.47778454047474
"The Art of War, The Hollow","The Alchemist, The Republic",0.010982428115015975,0.5288461538461539,12.26139601139601
"The Alchemist, The Republic","The Art of War, The Hollow",0.010982428115015975,0.25462962962962965,12.26139601139601
"The Alchemist, The Hollow","The Art of War, The Republic",0.010982428115015975,0.4435483870967742,10.47778454047474
"The Republic, The Screwtape Letters",The Alchemist,0.010782747603833865,0.4122137404580153,2.1260210218473126
"The Alchemist, The Screwtape Letters",The Republic,0.010782747603833865,0.7397260273972602,8.400335476656416
"The Alchemist, The Republic",The Screwtape Letters,0.010782747603833865,0.25,4.742424242424242
The Screwtape Letters,"The Alchemist, The Republic",0.010782747603833865,0.20454545454545456,4.742424242424242
"The Art of War, The Republic, The Screwtape Letters",The Alchemist,0.010782747603833865,0.8307692307692308,4.284750059415353
"The Alchemist, The Republic, The Screwtape Letters",The Art of War,0.010782747603833865,1.0,6.6331125827814565
"The Alchemist, The Art of War, The Screwtape Letters",The Republic,0.010782747603833865,0.8709677419354839,9.890717577353522
"The Alchemist, The Art of War, The Republic",The Screwtape Letters,0.010782747603833865,0.34394904458598724,6.524609148812971
"The Republic, The Screwtape Letters","The Alchemist, The Art of War",0.010782747603833865,0.4122137404580153,4.880298846840994
"The Art of War, The Screwtape Letters","The Alchemist, The Republic",0.010782747603833865,0.574468085106383,13.319148936170212
"The Art of War, The Republic","The Alchemist, The Screwtape Letters",0.010782747603833865,0.25471698113207547,17.474282760403206
"The Alchemist, The Screwtape Letters","The Art of War, The Republic",0.010782747603833865,0.7397260273972602,17.474282760403206
"The Alchemist, The Republic","The Art of War, The Screwtape Letters",0.010782747603833865,0.25,13.319148936170212
The Screwtape Letters,"The Alchemist, The Art of War, The Republic",0.010782747603833865,0.20454545454545456,6.524609148812971
The War of Art,Beyond Good and Evil,0.010583067092651758,0.2663316582914573,4.066429709523226
Charlotte's Web (full color),The Art of Loving,0.010583067092651758,0.3680555555555556,5.502155887230514
"The Art of War, The Republic",Jane Eyre,0.010583067092651758,0.25,3.5977011494252875
"Jane Eyre, The Republic",The Art of War,0.010583067092651758,0.726027397260274,4.8158214642111945
"Jane Eyre, The Art of War",The Republic,0.010583067092651758,0.34415584415584416,3.908236887828725
Dragons of Winter Night,The Art of War,0.010383386581469648,0.23529411764705882,1.5607323724191664
"Harry Potter and the Sorcerer's Stone (Book 1), The Art of War",Harry Potter and the Prisoner of Azkaban (Book 3),0.010383386581469648,0.2826086956521739,4.187290969899665
"Harry Potter and the Prisoner of Azkaban (Book 3), The Art of War",Harry Potter and the Sorcerer's Stone (Book 1),0.010383386581469648,0.7123287671232876,5.819481999597756
"Harry Potter and the Prisoner of Azkaban (Book 3), Harry Potter and the Sorcerer's Stone (Book 1)",The Art of War,0.010383386581469648,0.21311475409836064,1.413614156986212
"Harry Potter and the Order of the Phoenix (Book 5), Harry Potter and the Prisoner of Azkaban (Book 3), Harry Potter and the Sorcerer's Stone (Book 1)",Harry Potter and the Chamber of Secrets (Book 2),0.010383386581469648,0.8666666666666667,11.858652094717668
"Harry Potter and the Chamber of Secrets (Book 2), Harry Potter and the Prisoner of Azkaban (Book 3), Harry Potter and the Sorcerer's Stone (Book 1)",Harry Potter and the Order of the Phoenix (Book 5),0.010383386581469648,0.2810810810810811,5.272112562000203
"Harry Potter and the Chamber of Secrets (Book 2), Harry Potter and the Order of the Phoenix (Book 5), Harry Potter and the Sorcerer's Stone (Book 1)",Harry Potter and the Prisoner of Azkaban (Book 3),0.010383386581469648,0.8387096774193549,12.426799007444169
"Harry Potter and the Chamber of Secrets (Book 2), Harry Potter and the Order of the Phoenix (Book 5), Harry Potter and the Prisoner of Azkaban (Book 3)",Harry Potter and the Sorcerer's Stone (Book 1),0.010383386581469648,0.9454545454545454,7.724039744920658
"Harry Potter and the Prisoner of Azkaban (Book 3), Harry Potter and the Sorcerer's Stone (Book 1)","Harry Potter and the Chamber of Secrets (Book 2), Harry Potter and the Order of the Phoenix (Book 5)",0.010383386581469648,0.21311475409836064,14.620256007186166
"Harry Potter and the Order of the Phoenix (Book 5), Harry Potter and the Sorcerer's Stone (Book 1)","Harry Potter and the Chamber of Secrets (Book 2), Harry Potter and the Prisoner of Azkaban (Book 3)",0.010383386581469648,0.5777777777777777,13.84455077086656
"Harry Potter and the Order of the Phoenix (Book 5), Harry Potter and the Prisoner of Azkaban (Book 3)","Harry Potter and the Chamber of Secrets (Book 2), Harry Potter and the Sorcerer's Stone (Book 1)",0.010383386581469648,0.5,9.105454545454545
"Harry Potter and the Chamber of Secrets (Book 2), Harry Potter and the Prisoner of Azkaban (Book 3)","Harry Potter and the Order of the Phoenix (Book 5), Harry Potter and the Sorcerer's Stone (Book 1)",0.010383386581469648,0.24880382775119617,13.84455077086656
"Harry Potter and the Chamber of Secrets (Book 2), Harry Potter and the Order of the Phoenix (Book 5)","Harry Potter and the Prisoner of Azkaban (Book 3), Harry Potter and the Sorcerer's Stone (Book 1)",0.010383386581469648,0.7123287671232876,14.620256007186166
The Poetry of Pablo Neruda,How to Read Literature Like a Professor,0.01018370607028754,0.4112903225806452,18.390552995391705
How to Read Literature Like a Professor,The Poetry of Pablo Neruda,0.01018370607028754,0.45535714285714285,18.390552995391705
The Truth,The Art of War,0.01018370607028754,0.20901639344262296,1.3864292693518618
"The 7 Habits of Highly Effective People, The Art of War",Beyond Good and Evil,0.01018370607028754,0.3128834355828221,4.777195870118211
"Beyond Good and Evil, The Art of War",The 7 Habits of Highly Effective People,0.01018370607028754,0.504950495049505,4.9779371637951195
"Beyond Good and Evil, The 7 Habits of Highly Effective People",The Art of War,0.01018370607028754,0.45132743362831856,2.993705678954463
"The Art of War, The Hollow",Harry Potter and the Sorcerer's Stone (Book 1),0.01018370607028754,0.49038461538461536,4.006274312962731
"Harry Potter and the Sorcerer's Stone (Book 1), The Hollow",The Art of War,0.01018370607028754,0.7727272727272727,5.125586995785672
"Harry Potter and the Sorcerer's Stone (Book 1), The Art of War",The Hollow,0.01018370607028754,0.27717391304347827,3.3855779427359494
"The Art of Loving, The Lord of the Rings",The Alchemist,0.01018370607028754,0.864406779661017,4.458238056171342
"The Alchemist, The Lord of the Rings",The Art of Loving,0.01018370607028754,0.3695652173913043,5.5247242050616485
"The Alchemist, The Art of Loving",The Lord of the Rings,0.01018370607028754,0.33774834437086093,4.325942988770516
"The Art of War, The Canterbury Tales",The Alchemist,0.01018370607028754,0.504950495049505,2.604317280337715
"The Alchemist, The Canterbury Tales",The Art of War,0.01018370607028754,0.7727272727272727,5.125586995785672
The Canterbury Tales,"The Alchemist, The Art of War",0.01018370607028754,0.2125,2.515839243498818
"The Alchemist, The Art of War, The Hollow",Harry Potter and the Sorcerer's Stone (Book 1),0.01018370607028754,0.5862068965517241,4.789109523541655
"Harry Potter and the Sorcerer's Stone (Book 1), The Art of War, The Hollow",The Alchemist,0.01018370607028754,1.0,5.157569515962925
"Harry Potter and the Sorcerer's Stone (Book 1), The Alchemist, The Hollow",The Art of War,0.01018370607028754,0.8095238095238095,5.3696625670135605
"Harry Potter and the Sorcerer's Stone (Book 1), The Alchemist, The Art of War",The Hollow,0.01018370607028754,0.3669064748201439,4.481628355851904
"The Art of War, The Hollow","Harry Potter and the Sorcerer's Stone (Book 1), The Alchemist",0.01018370607028754,0.49038461538461536,9.062162929321602
"The Alchemist, The Hollow","Harry Potter and the Sorcerer's Stone (Book 1), The Art of War",0.01018370607028754,0.4112903225806452,11.194249649368865
"Harry Potter and the Sorcerer's Stone (Book 1), The Hollow","The Alchemist, The Art of War",0.01018370607028754,0.7727272727272727,9.148506339995702
"Harry Potter and the Sorcerer's Stone (Book 1), The Art of War","The Alchemist, The Hollow",0.01018370607028754,0.27717391304347827,11.194249649368865
